best_solution_length,time
1667,0.010442972
1634,1.503414154
1617,2.740229845
1592,7.698005438
1556,13.0567534
1556,300
