best_solution_length,time
1667,0.021429777
1617,4.64494729
1556,5.093390226
1556,300
