best_solution_length,time
1768,0.022288084
1667,0.024176598
1617,4.2391541
1592,10.32978773
1556,172.6887007
1556,300
