best_solution_length,time
1667,0.013525963
1660,1.955821514
1637,2.488805771
1626,3.504100561
1617,5.402992487
1556,6.006478786
1556,300
