best_solution_length,time
4853,0.013706207
1768,0.01473546
1667,0.01473546
1657,4.378964186
1649,6.032307863
1638,6.35168767
1617,9.8153584
1556,13.45421648
1556,300
