best_solution_length,time
1711,0.017038584
1667,0.019045591
1622,1.249858141
1592,56.98861074
1556,78.30682087
1549,198.9507861
1549,300
