best_solution_length,time
1768,0.006982088
1711,0.007978439
1667,0.007978439
1660,1.451114893
1626,2.011616468
1624,8.098256826
1621,16.74376035
1617,95.81591439
1556,108.1590979
1556,300
