best_solution_length,time
1711,0.020981073
1667,0.021895885
1556,11.53146148
1556,300
