best_solution_length,time
1667,0.025972128
1637,0.836290836
1626,11.87923479
1617,21.70563865
1556,24.10687852
1556,300
