best_solution_length,time
1768,0.028921843
1711,0.030972958
1667,0.032967806
1649,12.38517547
1626,13.83999014
1609,24.94889188
1592,51.98117805
1556,117.8339503
1556,300
