best_solution_length,time
1667,0.022004843
1617,3.025192022
1556,22.19032383
1556,300
