best_solution_length,time
5685,0.02194047
4689,0.022942781
1768,0.024937153
1667,0.025934458
1637,9.842698097
1625,10.83409381
1623,11.00952458
1556,12.47394109
1556,300
