best_solution_length,time
41815,0.025976419
41531,1.882150173
41146,2.556903601
40990,4.230366707
40907,4.859347105
40839,5.525058031
40737,12.14532304
40665,233.0384963
40665,300
